doc_20221007/API create virtual datacenters and virtual machines how to-311374231	<a href="#">Create a virtual datacenter</a>	https://abiquo.atlassian.net/wiki/spaces/doc/pages/311374231/API+create+virtual+datacenters+and+virtual+machines+how+to
doc_20221007/API create virtual datacenters and virtual machines how to-311374231	<a href="#">VM allocation</a>	https://abiquo.atlassian.net/wiki/spaces/doc/pages/311374231/API+create+virtual+datacenters+and+virtual+machines+how+to
doc_20221007/API create virtual datacenters and virtual machines how to-311374231	<a href="#">Manage virtual datacenters</a>	https://abiquo.atlassian.net/wiki/spaces/doc/pages/311374231/API+create+virtual+datacenters+and+virtual+machines+how+to
doc_20221007/API create virtual datacenters and virtual machines how to-311374231	<a href="#">create and configure a Virtual Appliance</a>	https://abiquo.atlassian.net/wiki/spaces/doc/pages/311374231/API+create+virtual+datacenters+and+virtual+machines+how+to
doc_20221007/Abiquo and Google Cloud Platform-311371667	<a href="#">Display Google Cloud Platform billing data</a>	https://abiquo.atlassian.net/wiki/spaces/doc/pages/311371667/Abiquo+and+Google+Cloud+Platform
doc_20221007/Abiquo and Google Cloud Platform-311371667	<a href="#">Obtain Google Cloud Platform credentials</a>	https://abiquo.atlassian.net/wiki/spaces/doc/pages/311371667/Abiquo+and+Google+Cloud+Platform
doc_20221007/Abiquo and Google Cloud Platform-311371667	<a href="#"><strong>Privileges</strong></a>	https://abiquo.atlassian.net/wiki/spaces/doc/pages/311371667/Abiquo+and+Google+Cloud+Platform
doc_20221007/Abiquo and Google Cloud Platform-311371667	<a href="#"><strong>Privileges</strong></a>	https://abiquo.atlassian.net/wiki/spaces/doc/pages/311371667/Abiquo+and+Google+Cloud+Platform
doc_20221007/Abiquo outbound API-311374677	<a href="#">Events view</a>	https://abiquo.atlassian.net/wiki/spaces/doc/pages/311374677/Abiquo+outbound+API
doc_20221007/Abiquo outbound API-311374677	<a href="#">Events table</a>	https://abiquo.atlassian.net/wiki/spaces/doc/pages/311374677/Abiquo+outbound+API
doc_20221007/Abiquo public cloud guide-311374958	<a href="#">Obtain public cloud credentials</a>	https://abiquo.atlassian.net/wiki/spaces/doc/pages/311374958/Abiquo+public+cloud+guide
doc_20221007/Abiquo quick tutorial-311372993	<a href="#">Installation</a>	https://abiquo.atlassian.net/wiki/spaces/doc/pages/311372993/Abiquo+quick+tutorial
doc_20221007/Abiquo quick tutorial-311372993	<a href="#">Abiquo infrastructure guide</a>	https://abiquo.atlassian.net/wiki/spaces/doc/pages/311372993/Abiquo+quick+tutorial
doc_20221007/Abiquo quick tutorial-311372993	<a href="#">Manage virtual appliances</a>	https://abiquo.atlassian.net/wiki/spaces/doc/pages/311372993/Abiquo+quick+tutorial
doc_20221007/Abiquo quick tutorial-311372993	<a href="#">compatible</a>	https://abiquo.atlassian.net/wiki/spaces/doc/pages/311372993/Abiquo+quick+tutorial
doc_20221007/Abiquo quick tutorial-311372993	<a href="#">Manage virtual datacenters</a>	https://abiquo.atlassian.net/wiki/spaces/doc/pages/311372993/Abiquo+quick+tutorial
doc_20221007/Abiquo quick tutorial-311372993	<a href="#">Manage virtual appliances</a>	https://abiquo.atlassian.net/wiki/spaces/doc/pages/311372993/Abiquo+quick+tutorial
doc_20221007/Abiquo quick tutorial-311372993	<a href="#">Manage VMs</a>	https://abiquo.atlassian.net/wiki/spaces/doc/pages/311372993/Abiquo+quick+tutorial
doc_20221007/Abiquo quick tutorial-311372993	<a href="#">Configure VMs</a>	https://abiquo.atlassian.net/wiki/spaces/doc/pages/311372993/Abiquo+quick+tutorial
doc_20221007/Abiquo walkthrough-311373196	<a href="#">Infrastructure</a>	https://abiquo.atlassian.net/wiki/spaces/doc/pages/311373196/Abiquo+walkthrough
doc_20221007/Add VM templates to the catalogue-311371396	<a href="#">upload a single disk file</a>	https://abiquo.atlassian.net/wiki/spaces/doc/pages/311371396/Add+VM+templates+to+the+catalogue
doc_20221007/Add VM templates to the catalogue-311371396	<a href="#">OVF reference</a>	https://abiquo.atlassian.net/wiki/spaces/doc/pages/311371396/Add+VM+templates+to+the+catalogue
doc_20221007/Add VM templates to the catalogue-311371396	<a href="#">V2V Conversion.</a>	https://abiquo.atlassian.net/wiki/spaces/doc/pages/311371396/Add+VM+templates+to+the+catalogue
doc_20221007/Add VM templates to the catalogue-311371396	<a href="#">Modify a VM template</a>	https://abiquo.atlassian.net/wiki/spaces/doc/pages/311371396/Add+VM+templates+to+the+catalogue
doc_20221007/Add VM templates to the catalogue-311371396	<a href="#">Deploy a VM from an OVA with parameters</a>	https://abiquo.atlassian.net/wiki/spaces/doc/pages/311371396/Add+VM+templates+to+the+catalogue
doc_20221007/Add public cloud-311363518	<a href="#">Obtain public cloud credentials</a>	https://abiquo.atlassian.net/wiki/spaces/doc/pages/311363518/Add+public+cloud
doc_20221007/Administer VMs in infrastructure-311374046	<a href="#">Starting Abiquo for the first time#Searchinlists</a>	https://abiquo.atlassian.net/wiki/spaces/doc/pages/311374046/Administer+VMs+in+infrastructure
doc_20221007/Administer VMs in infrastructure-311374046	<a href="#">Compute in datacenters#ControlVMsrunningonmachines</a>	https://abiquo.atlassian.net/wiki/spaces/doc/pages/311374046/Administer+VMs+in+infrastructure
doc_20221007/Administer VMs in infrastructure-311374046	<a href="#">Manage virtual machines#Display all VMs</a>	https://abiquo.atlassian.net/wiki/spaces/doc/pages/311374046/Administer+VMs+in+infrastructure
doc_20221007/Allocation rules-311370944	<a href="#">Virtual machine allocation</a>	https://abiquo.atlassian.net/wiki/spaces/doc/pages/311370944/Allocation+rules
doc_20221007/Allocation rules-311370944	<a href="#">Virtual machine allocation</a>	https://abiquo.atlassian.net/wiki/spaces/doc/pages/311370944/Allocation+rules
doc_20221007/Automate first boot of a VM with guest setup-319554113	<a href="#">Edit your user account details</a>	https://abiquo.atlassian.net/wiki/spaces/doc/pages/319554113/Automate+first+boot+of+a+VM+with+guest+setup
doc_20221007/Automate first boot of a VM with guest setup-319554113	<a href="#">Manage virtual machine metadata via API</a>	https://abiquo.atlassian.net/wiki/spaces/doc/pages/319554113/Automate+first+boot+of+a+VM+with+guest+setup
doc_20221007/Azure Standard SKUs for load balancers and public IPs-311372326	<a href="#">Azure load balancers table</a>	https://abiquo.atlassian.net/wiki/spaces/doc/pages/311372326/Azure+Standard+SKUs+for+load+balancers+and+public+IPs
doc_20221007/Azure Standard SKUs for load balancers and public IPs-311372326	<a href="#">Microsoft Azure ARM integration</a>	https://abiquo.atlassian.net/wiki/spaces/doc/pages/311372326/Azure+Standard+SKUs+for+load+balancers+and+public+IPs
doc_20221007/Backup-311371432	<a href="#">Abiquo backup plugins</a>	https://abiquo.atlassian.net/wiki/spaces/doc/pages/311371432/Backup
doc_20221007/Backup-311371432	<a href="#">Configure an enterprise in a cloud location#Allowatenanttousebackuppoliciesinadatacenter</a>	https://abiquo.atlassian.net/wiki/spaces/doc/pages/311371432/Backup
doc_20221007/Backup-311371432	<a href="#">Privileges</a>	https://abiquo.atlassian.net/wiki/spaces/doc/pages/311371432/Backup
doc_20221007/Backup-311371432	<a href="#">VM backups</a>	https://abiquo.atlassian.net/wiki/spaces/doc/pages/311371432/Backup
doc_20221007/Compute in datacenters-311370957	<a href="#">Private cloud providers</a>	https://abiquo.atlassian.net/wiki/spaces/doc/pages/311370957/Compute+in+datacenters
doc_20221007/Compute in datacenters-311370957	<a href="#"><strong>Configuration</strong></a>	https://abiquo.atlassian.net/wiki/spaces/doc/pages/311370957/Compute+in+datacenters
doc_20221007/Compute in datacenters-311370957	<a href="#"><strong>Configuration</strong></a>	https://abiquo.atlassian.net/wiki/spaces/doc/pages/311370957/Compute+in+datacenters
doc_20221007/Compute in datacenters-311370957	<a href="#">Manage datastore service levels with datastore tiers</a>	https://abiquo.atlassian.net/wiki/spaces/doc/pages/311370957/Compute+in+datacenters
doc_20221007/Compute in datacenters-311370957	<a href="#">datastore allocation process</a>	https://abiquo.atlassian.net/wiki/spaces/doc/pages/311370957/Compute+in+datacenters
doc_20221007/Compute in datacenters-311370957	<a href="#">Allocation rules#Storageloadlevelrules</a>	https://abiquo.atlassian.net/wiki/spaces/doc/pages/311370957/Compute+in+datacenters
doc_20221007/Compute in datacenters-311370957	<a href="#">Manage network service types</a>	https://abiquo.atlassian.net/wiki/spaces/doc/pages/311370957/Compute+in+datacenters
doc_20221007/Compute in datacenters-311370957	<a href="#">Tune VLAN parameters for racks</a>	https://abiquo.atlassian.net/wiki/spaces/doc/pages/311370957/Compute+in+datacenters
doc_20221007/Compute in datacenters-311370957	<a href="#">Create racks</a>	https://abiquo.atlassian.net/wiki/spaces/doc/pages/311370957/Compute+in+datacenters
doc_20221007/Compute in datacenters-311370957	<a href="#">Users view</a>	https://abiquo.atlassian.net/wiki/spaces/doc/pages/311370957/Compute+in+datacenters
doc_20221007/Compute in datacenters-311370957	<a href="#">Allocation rules</a>	https://abiquo.atlassian.net/wiki/spaces/doc/pages/311370957/Compute+in+datacenters
doc_20221007/Compute in datacenters-311370957	<a href="#">creating racks</a>	https://abiquo.atlassian.net/wiki/spaces/doc/pages/311370957/Compute+in+datacenters
doc_20221007/Compute in datacenters-311370957	<a href="#">Protect a VM</a>	https://abiquo.atlassian.net/wiki/spaces/doc/pages/311370957/Compute+in+datacenters
doc_20221007/Configuration view-311371358	<a href="#">Abiquo tutorials for onboarding users</a>	https://abiquo.atlassian.net/wiki/spaces/doc/pages/311371358/Configuration+view
doc_20221007/Configuration view-311371358	<a href="#">Abiquo reports with Jaspersoft</a>	https://abiquo.atlassian.net/wiki/spaces/doc/pages/311371358/Configuration+view
doc_20221007/Configuration view-311371358	<a href="#">Configure the user icon menu</a>	https://abiquo.atlassian.net/wiki/spaces/doc/pages/311371358/Configuration+view
doc_20221007/Configuration view-311371358	<a href="#">Hard and soft limits</a>	https://abiquo.atlassian.net/wiki/spaces/doc/pages/311371358/Configuration+view
doc_20221007/Configuration view-311371358	<a href="#">Allocation limit messages</a>	https://abiquo.atlassian.net/wiki/spaces/doc/pages/311371358/Configuration+view
doc_20221007/Configuration view-311371358	<a href="#">Hard and soft limits</a>	https://abiquo.atlassian.net/wiki/spaces/doc/pages/311371358/Configuration+view
doc_20221007/Configuration view-311371358	<a href="#">Allocation limit messages</a>	https://abiquo.atlassian.net/wiki/spaces/doc/pages/311371358/Configuration+view
doc_20221007/Configuration view-311371358	<a href="#">Abiquo workflow feature</a>	https://abiquo.atlassian.net/wiki/spaces/doc/pages/311371358/Configuration+view
doc_20221007/Configuration view-311371358	<a href="#">Abiquo workflow feature</a>	https://abiquo.atlassian.net/wiki/spaces/doc/pages/311371358/Configuration+view
doc_20221007/Configuration view-311371358	<a href="#">Configure VM monitoring and metrics</a>	https://abiquo.atlassian.net/wiki/spaces/doc/pages/311371358/Configuration+view
doc_20221007/Configuration view-311371358	<a href="#">Abiquo configuration properties#monitoring</a>	https://abiquo.atlassian.net/wiki/spaces/doc/pages/311371358/Configuration+view
doc_20221007/Configuration view-311371358	<a href="#">Display infrastructure map</a>	https://abiquo.atlassian.net/wiki/spaces/doc/pages/311371358/Configuration+view
doc_20221007/Configuration view-311371358	<a href="#">Display infrastructure map</a>	https://abiquo.atlassian.net/wiki/spaces/doc/pages/311371358/Configuration+view
doc_20221007/Configuration view-311371358	<a href="#">Configure remote access to virtual machines</a>	https://abiquo.atlassian.net/wiki/spaces/doc/pages/311371358/Configuration+view
doc_20221007/Configuration view-311371358	<a href="#">Manage virtual appliances</a>	https://abiquo.atlassian.net/wiki/spaces/doc/pages/311371358/Configuration+view
doc_20221007/Configuration view-311371358	<a href="#">Configure maintenance notices</a>	https://abiquo.atlassian.net/wiki/spaces/doc/pages/311371358/Configuration+view
doc_20221007/Configuration view-311371358	<a href="#">Configure maintenance notices</a>	https://abiquo.atlassian.net/wiki/spaces/doc/pages/311371358/Configuration+view
doc_20221007/Configuration view-311371358	<a href="#">Configure two factor authentication</a>	https://abiquo.atlassian.net/wiki/spaces/doc/pages/311371358/Configuration+view
doc_20221007/Configuration view-311371358	<a href="#">Configure passwords</a>	https://abiquo.atlassian.net/wiki/spaces/doc/pages/311371358/Configuration+view
doc_20221007/Configuration view-311371358	<a href="#">Configure passwords</a>	https://abiquo.atlassian.net/wiki/spaces/doc/pages/311371358/Configuration+view
doc_20221007/Configuration view-311371358	<a href="#">Abiquo configuration properties#guest</a>	https://abiquo.atlassian.net/wiki/spaces/doc/pages/311371358/Configuration+view
doc_20221007/Configure an enterprise in a cloud location-311377504	<a href="#">Set allocation limits for an enterprise</a>	https://abiquo.atlassian.net/wiki/spaces/doc/pages/311377504/Configure+an+enterprise+in+a+cloud+location
doc_20221007/Configure an enterprise in a cloud location-311377504	<a href="#">Manage the datacenter catalogue#How much space can I use in the catalogue?</a>	https://abiquo.atlassian.net/wiki/spaces/doc/pages/311377504/Configure+an+enterprise+in+a+cloud+location
doc_20221007/Configure an enterprise in a cloud location-311377504	<a href="#">Configuration view#Network</a>	https://abiquo.atlassian.net/wiki/spaces/doc/pages/311377504/Configure+an+enterprise+in+a+cloud+location
doc_20221007/Configure an enterprise in a cloud location-311377504	<a href="#">Manage external networks</a>	https://abiquo.atlassian.net/wiki/spaces/doc/pages/311377504/Configure+an+enterprise+in+a+cloud+location
doc_20221007/Configure an enterprise in a cloud location-311377504	<a href="#">Cloud networks</a>	https://abiquo.atlassian.net/wiki/spaces/doc/pages/311377504/Configure+an+enterprise+in+a+cloud+location
doc_20221007/Configure an enterprise in a cloud location-311377504	<a href="#">Configure an enterprise in a cloud location#Setallocationlimitsforatenantinadatacenterorregion</a>	https://abiquo.atlassian.net/wiki/spaces/doc/pages/311377504/Configure+an+enterprise+in+a+cloud+location
doc_20221007/Configure an enterprise in a cloud location-311377504	<a href="#">Hardware profiles</a>	https://abiquo.atlassian.net/wiki/spaces/doc/pages/311377504/Configure+an+enterprise+in+a+cloud+location
doc_20221007/Configure an enterprise in a cloud location-311377504	<a href="#">Modify a VM template</a>	https://abiquo.atlassian.net/wiki/spaces/doc/pages/311377504/Configure+an+enterprise+in+a+cloud+location
doc_20221007/Configure an enterprise in a cloud location-311377504	<a href="#">Hardware profiles</a>	https://abiquo.atlassian.net/wiki/spaces/doc/pages/311377504/Configure+an+enterprise+in+a+cloud+location
doc_20221007/Configure an enterprise in a cloud location-311377504	<a href="#">Modify a VM template</a>	https://abiquo.atlassian.net/wiki/spaces/doc/pages/311377504/Configure+an+enterprise+in+a+cloud+location
doc_20221007/Configure an enterprise in a cloud location-311377504	<a href="#">Hardware profiles#Prevent users from working with a hardware profile</a>	https://abiquo.atlassian.net/wiki/spaces/doc/pages/311377504/Configure+an+enterprise+in+a+cloud+location
doc_20221007/Configure billing properties-311376036	<a href="#"><em>jdbc:mysql://127.0.0.1:3306/kinton</em></a>	https://abiquo.atlassian.net/wiki/spaces/doc/pages/311376036/Configure+billing+properties
doc_20221007/Configure custom platform messages-311375558	<a href="#">Abiquo configuration properties#server</a>	https://abiquo.atlassian.net/wiki/spaces/doc/pages/311375558/Configure+custom+platform+messages
doc_20221007/Configure custom platform messages-311375558	<a href="#">Abiquo configuration properties#mail</a>	https://abiquo.atlassian.net/wiki/spaces/doc/pages/311375558/Configure+custom+platform+messages
doc_20221007/Configure remote access to virtual machines-311375465	<a href="#">Abiquo configuration properties#esxi</a>	https://abiquo.atlassian.net/wiki/spaces/doc/pages/311375465/Configure+remote+access+to+virtual+machines
doc_20221007/Configure remote access to virtual machines-311375465	<a href="#">Add VMware vCenter clusters as servers</a>	https://abiquo.atlassian.net/wiki/spaces/doc/pages/311375465/Configure+remote+access+to+virtual+machines
doc_20221007/Configure remote access to virtual machines-311375465	<a href="#">Abiquo configuration properties#vnc</a>	https://abiquo.atlassian.net/wiki/spaces/doc/pages/311375465/Configure+remote+access+to+virtual+machines
doc_20221007/Configure remote access to virtual machines-311375465	<a href="#">Configure Abiquo UI</a>	https://abiquo.atlassian.net/wiki/spaces/doc/pages/311375465/Configure+remote+access+to+virtual+machines
doc_20221007/Configure the Abiquo NSXT integration review-349765663	<a href="#">Manage devices</a>	https://abiquo.atlassian.net/wiki/spaces/doc/pages/349765663/Configure+the+Abiquo+NSX-T+integration+review
doc_20221007/Configure the Abiquo NSXT integration v606-359890945	<a href="#">VMware</a>	https://abiquo.atlassian.net/wiki/spaces/doc/pages/359890945/Configure+the+Abiquo+NSX-T+integration+v606
doc_20221007/Configure the Abiquo NSXT integration v606-359890945	<a href="#">contact Abiquo Support</a>	https://abiquo.atlassian.net/wiki/spaces/doc/pages/359890945/Configure+the+Abiquo+NSX-T+integration+v606
doc_20221007/Configure the Abiquo NSXT integration v606-359890945	<a href="#">Manage devices</a>	https://abiquo.atlassian.net/wiki/spaces/doc/pages/359890945/Configure+the+Abiquo+NSX-T+integration+v606
doc_20221007/Configure the Abiquo NSXT integration v606-359890945	<a href="#">Configure Abiquo UI</a>	https://abiquo.atlassian.net/wiki/spaces/doc/pages/359890945/Configure+the+Abiquo+NSX-T+integration+v606
doc_20221007/Configure the Abiquo NSXT integration-311365116	<a href="#">VMware</a>	https://abiquo.atlassian.net/wiki/spaces/doc/pages/311365116/Configure+the+Abiquo+NSX-T+integration
doc_20221007/Configure the Abiquo NSXT integration-311365116	<a href="#">contact Abiquo Support</a>	https://abiquo.atlassian.net/wiki/spaces/doc/pages/311365116/Configure+the+Abiquo+NSX-T+integration
doc_20221007/Configure the Abiquo NSXT integration-311365116	<a href="#">Manage devices</a>	https://abiquo.atlassian.net/wiki/spaces/doc/pages/311365116/Configure+the+Abiquo+NSX-T+integration
doc_20221007/Configure the Abiquo NSXT integration-311365116	<a href="#">Configure Abiquo UI</a>	https://abiquo.atlassian.net/wiki/spaces/doc/pages/311365116/Configure+the+Abiquo+NSX-T+integration
doc_20221007/Configure the NSX integration-311374976	<a href="#">Abiquo and NSX-T</a>	https://abiquo.atlassian.net/wiki/spaces/doc/pages/311374976/Configure+the+NSX+integration
doc_20221007/Configure the NSX integration-311374976	<a href="#">VMware</a>	https://abiquo.atlassian.net/wiki/spaces/doc/pages/311374976/Configure+the+NSX+integration
doc_20221007/Create tenants via API-311374179	<a href="#">API infrastructure tutorial</a>	https://abiquo.atlassian.net/wiki/spaces/doc/pages/311374179/Create+tenants+via+API
doc_20221007/Create tenants via API-311374179	<a href="#">Switch enterprises via API</a>	https://abiquo.atlassian.net/wiki/spaces/doc/pages/311374179/Create+tenants+via+API
doc_20221007/Create tenants via API-311374179	<a href="#">Appliance manager template API upload and download</a>	https://abiquo.atlassian.net/wiki/spaces/doc/pages/311374179/Create+tenants+via+API
doc_20221007/DBMS billing integration-311374535	<a href="#"><em>jdbc:mysql://127.0.0.1:3306/abiquo_billing</em></a>	https://abiquo.atlassian.net/wiki/spaces/doc/pages/311374535/DBMS+billing+integration
doc_20221007/Dashboard widgets-311369199	<a href="#">Display cloud provider billing data</a>	https://abiquo.atlassian.net/wiki/spaces/doc/pages/311369199/Dashboard+widgets
doc_20221007/Dashboard widgets-311369199	<a href="#">Configure Abiquo UI</a>	https://abiquo.atlassian.net/wiki/spaces/doc/pages/311369199/Dashboard+widgets
doc_20221007/Distributed HA cluster environment summary worksheet example-343900161	<a href="#">Installation</a>	https://abiquo.atlassian.net/wiki/spaces/doc/pages/343900161/Distributed+HA+cluster+environment+summary+worksheet+example
doc_20221007/Distributed HA cluster environment summary worksheet-338001935	<a href="#">Installation</a>	https://abiquo.atlassian.net/wiki/spaces/doc/pages/338001935/Distributed+HA+cluster+environment+summary+worksheet
doc_20221007/Events view-311371444	<a href="#">Action</a>	https://abiquo.atlassian.net/wiki/spaces/doc/pages/311371444/Events+view
doc_20221007/Events view-311371444	<a href="#">Events severity table</a>	https://abiquo.atlassian.net/wiki/spaces/doc/pages/311371444/Events+view
doc_20221007/Events view-311371444	<a href="#">Events table</a>	https://abiquo.atlassian.net/wiki/spaces/doc/pages/311371444/Events+view
doc_20221007/Events view-311371444	<a href="#">Events table</a>	https://abiquo.atlassian.net/wiki/spaces/doc/pages/311371444/Events+view
doc_20221007/Extended OVF support and template definition-311375202	<a href="#">ovf:key=&quot;user</a>	https://abiquo.atlassian.net/wiki/spaces/doc/pages/311375202/Extended+OVF+support+and+template+definition
doc_20221007/Extended OVF support and template definition-311375202	<a href="#">ovf:key=&quot;password</a>	https://abiquo.atlassian.net/wiki/spaces/doc/pages/311375202/Extended+OVF+support+and+template+definition
doc_20221007/Extended OVF support and template definition-311375202	<a href="#">Abiquo configuration properties#esxi</a>	https://abiquo.atlassian.net/wiki/spaces/doc/pages/311375202/Extended+OVF+support+and+template+definition
doc_20221007/Extended OVF support and template definition-311375202	<a href="#">Modify a VM template</a>	https://abiquo.atlassian.net/wiki/spaces/doc/pages/311375202/Extended+OVF+support+and+template+definition
doc_20221007/Extended OVF support and template definition-311375202	<a href="#">Modify VM hard disks</a>	https://abiquo.atlassian.net/wiki/spaces/doc/pages/311375202/Extended+OVF+support+and+template+definition
doc_20221007/Extended OVF support and template definition-311375202	<a href="#">Modify VM volumes</a>	https://abiquo.atlassian.net/wiki/spaces/doc/pages/311375202/Extended+OVF+support+and+template+definition
doc_20221007/Hardware profiles v603-341770424	<a href="#">Synchronize public cloud price lists</a>	https://abiquo.atlassian.net/wiki/spaces/doc/pages/341770424/Hardware+profiles+v603
doc_20221007/Hardware profiles v603-341770424	<a href="#">Manage enterprises#Allowtenantstousehardwareprofiles</a>	https://abiquo.atlassian.net/wiki/spaces/doc/pages/341770424/Hardware+profiles+v603
doc_20221007/Hardware profiles-311371497	<a href="#">Synchronize public cloud price lists</a>	https://abiquo.atlassian.net/wiki/spaces/doc/pages/311371497/Hardware+profiles
doc_20221007/Hardware profiles-311371497	<a href="#">Manage enterprises#Allowtenantstousehardwareprofiles</a>	https://abiquo.atlassian.net/wiki/spaces/doc/pages/311371497/Hardware+profiles
doc_20221007/Import and capture virtual machines v603-341704876	<a href="#">Manage virtual datacenters#Onboardfrompubliccloud</a>	https://abiquo.atlassian.net/wiki/spaces/doc/pages/341704876/Import+and+capture+virtual+machines+v603
doc_20221007/Import and capture virtual machines v603-341704876	<a href="#">Abiquo configuration properties#capturedhcp</a>	https://abiquo.atlassian.net/wiki/spaces/doc/pages/341704876/Import+and+capture+virtual+machines+v603
doc_20221007/Import and capture virtual machines v603-341704876	<a href="#">Template compatibility table</a>	https://abiquo.atlassian.net/wiki/spaces/doc/pages/341704876/Import+and+capture+virtual+machines+v603
doc_20221007/Import and capture virtual machines v603-341704876	<a href="#">Partially deployed</a>	https://abiquo.atlassian.net/wiki/spaces/doc/pages/341704876/Import+and+capture+virtual+machines+v603
doc_20221007/Import and capture virtual machines-311370980	<a href="#">Manage virtual datacenters#Onboardfrompubliccloud</a>	https://abiquo.atlassian.net/wiki/spaces/doc/pages/311370980/Import+and+capture+virtual+machines
doc_20221007/Import and capture virtual machines-311370980	<a href="#">Abiquo configuration properties#capturedhcp</a>	https://abiquo.atlassian.net/wiki/spaces/doc/pages/311370980/Import+and+capture+virtual+machines
doc_20221007/Import and capture virtual machines-311370980	<a href="#">Template compatibility table</a>	https://abiquo.atlassian.net/wiki/spaces/doc/pages/311370980/Import+and+capture+virtual+machines
doc_20221007/Import and capture virtual machines-311370980	<a href="#">Partially deployed</a>	https://abiquo.atlassian.net/wiki/spaces/doc/pages/311370980/Import+and+capture+virtual+machines
doc_20221007/Infrastructure provisioning guide-311361712	<a href="#">Tenant provisioning guide</a>	https://abiquo.atlassian.net/wiki/spaces/doc/pages/311361712/Infrastructure+provisioning+guide
doc_20221007/Infrastructure view-311371096	<a href="#">How to obtain and install a Google Maps API Key</a>	https://abiquo.atlassian.net/wiki/spaces/doc/pages/311371096/Infrastructure+view
doc_20221007/Infrastructure view-311371096	<a href="#">Manage Enterprises</a>	https://abiquo.atlassian.net/wiki/spaces/doc/pages/311371096/Infrastructure+view
doc_20221007/Infrastructure view-311371096	<a href="#">Configure an enterprise in a cloud location</a>	https://abiquo.atlassian.net/wiki/spaces/doc/pages/311371096/Infrastructure+view
doc_20221007/Infrastructure view-311371096	<a href="#">administration scopes</a>	https://abiquo.atlassian.net/wiki/spaces/doc/pages/311371096/Infrastructure+view
doc_20221007/Infrastructure view-311371096	<a href="#">Configure map defaults</a>	https://abiquo.atlassian.net/wiki/spaces/doc/pages/311371096/Infrastructure+view
doc_20221007/Infrastructure view-311371096	<a href="#">How to obtain and install a Google Maps API Key</a>	https://abiquo.atlassian.net/wiki/spaces/doc/pages/311371096/Infrastructure+view
doc_20221007/Infrastructure view-311371096	<a href="#">How to obtain and install a Google Maps API Key</a>	https://abiquo.atlassian.net/wiki/spaces/doc/pages/311371096/Infrastructure+view
doc_20221007/Infrastructure-311373205	<a href="#">Abiquo walkthrough</a>	https://abiquo.atlassian.net/wiki/spaces/doc/pages/311373205/Infrastructure
doc_20221007/Infrastructure-311373205	<a href="#">Virtual datacenters</a>	https://abiquo.atlassian.net/wiki/spaces/doc/pages/311373205/Infrastructure
doc_20221007/Install Abiquo reports-311374863	<a href="#">Troubleshoot Abiquo reports</a>	https://abiquo.atlassian.net/wiki/spaces/doc/pages/311374863/Install+Abiquo+reports
doc_20221007/Manage NAT for virtual datacenters-311362527	<a href="#">Privileges</a>	https://abiquo.atlassian.net/wiki/spaces/doc/pages/311362527/Manage+NAT+for+virtual+datacenters
doc_20221007/Manage Roles-311370787	<a href="#">administration scope</a>	https://abiquo.atlassian.net/wiki/spaces/doc/pages/311370787/Manage+Roles
doc_20221007/Manage Roles-311370787	<a href="#">Tenants and users</a>	https://abiquo.atlassian.net/wiki/spaces/doc/pages/311370787/Manage+Roles
doc_20221007/Manage Roles-311370787	<a href="#">Default roles</a>	https://abiquo.atlassian.net/wiki/spaces/doc/pages/311370787/Manage+Roles
doc_20221007/Manage Roles-311370787	<a href="#">Privileges</a>	https://abiquo.atlassian.net/wiki/spaces/doc/pages/311370787/Manage+Roles
doc_20221007/Manage VM templates-311371382	<a href="#">Preparing templates for export to public cloud</a>	https://abiquo.atlassian.net/wiki/spaces/doc/pages/311371382/Manage+VM+templates
doc_20221007/Manage VM templates-311371382	<a href="#">Introduction to mobility</a>	https://abiquo.atlassian.net/wiki/spaces/doc/pages/311371382/Manage+VM+templates
doc_20221007/Manage VM templates-311371382	<a href="#">Preparing templates for export to public cloud</a>	https://abiquo.atlassian.net/wiki/spaces/doc/pages/311371382/Manage+VM+templates
doc_20221007/Manage VM templates-311371382	<a href="#">Appliance manager template API upload and download</a>	https://abiquo.atlassian.net/wiki/spaces/doc/pages/311371382/Manage+VM+templates
doc_20221007/Manage VM templates-311371382	<a href="#">Manage virtual machines#SaveVMdiskstocreateaninstancetemplate</a>	https://abiquo.atlassian.net/wiki/spaces/doc/pages/311371382/Manage+VM+templates
doc_20221007/Manage VM templates-311371382	<a href="#">Delete private templates in public cloud</a>	https://abiquo.atlassian.net/wiki/spaces/doc/pages/311371382/Manage+VM+templates
doc_20221007/Manage budgets-311362837	<a href="#">Manage dashboards</a>	https://abiquo.atlassian.net/wiki/spaces/doc/pages/311362837/Manage+budgets
doc_20221007/Manage budgets-311362837	<a href="#">Dashboard widgets#Budget</a>	https://abiquo.atlassian.net/wiki/spaces/doc/pages/311362837/Manage+budgets
doc_20221007/Manage datastore service levels with datastore tiers-311371086	<a href="#">Abstract datastore tiers for storage service levels</a>	https://abiquo.atlassian.net/wiki/spaces/doc/pages/311371086/Manage+datastore+service+levels+with+datastore+tiers
doc_20221007/Manage datastore service levels with datastore tiers-311371086	<a href="#">Configure an enterprise in a cloud location#Setallocationlimitsforatenantinadatacenterorregion</a>	https://abiquo.atlassian.net/wiki/spaces/doc/pages/311371086/Manage+datastore+service+levels+with+datastore+tiers
doc_20221007/Manage datastore service levels with datastore tiers-311371086	<a href="#">Compute in datacenters</a>	https://abiquo.atlassian.net/wiki/spaces/doc/pages/311371086/Manage+datastore+service+levels+with+datastore+tiers
doc_20221007/Manage datastore storage policies-327581786	<a href="#">Configure an enterprise in a cloud location#Setallocationlimitsforatenantinadatacenterorregion</a>	https://abiquo.atlassian.net/wiki/spaces/doc/pages/327581786/Manage+datastore+storage+policies
doc_20221007/Manage datastore storage policies-327581786	<a href="#">Manage enterprises#Setallocationlimitsforanenterprisetocontrolresourceusage</a>	https://abiquo.atlassian.net/wiki/spaces/doc/pages/327581786/Manage+datastore+storage+policies
doc_20221007/Manage datastore storage policies-327581786	<a href="#">Dashboard widgets#Abstractdatastoretiers</a>	https://abiquo.atlassian.net/wiki/spaces/doc/pages/327581786/Manage+datastore+storage+policies
doc_20221007/Manage datastore storage policies-327581786	<a href="#">Configure Abiquo UI</a>	https://abiquo.atlassian.net/wiki/spaces/doc/pages/327581786/Manage+datastore+storage+policies
doc_20221007/Manage enterprise credentials and properties-327581812	<a href="#">Obtain public cloud credentials</a>	https://abiquo.atlassian.net/wiki/spaces/doc/pages/327581812/Manage+enterprise+credentials+and+properties
doc_20221007/Manage enterprise credentials and properties-327581812	<a href="#">Add a customer AWS account for billing only</a>	https://abiquo.atlassian.net/wiki/spaces/doc/pages/327581812/Manage+enterprise+credentials+and+properties
doc_20221007/Manage enterprise credentials and properties-327581812	<a href="#">Create an account in public cloud for the customer of a reseller</a>	https://abiquo.atlassian.net/wiki/spaces/doc/pages/327581812/Manage+enterprise+credentials+and+properties
doc_20221007/Manage enterprise credentials and properties-327581812	<a href="#">Predefine enterprise properties for the UI</a>	https://abiquo.atlassian.net/wiki/spaces/doc/pages/327581812/Manage+enterprise+credentials+and+properties
doc_20221007/Manage enterprise credentials and properties-327581812	<a href="#">Update enterprise properties via API</a>	https://abiquo.atlassian.net/wiki/spaces/doc/pages/327581812/Manage+enterprise+credentials+and+properties
doc_20221007/Manage enterprise policies-327581849	<a href="#">Abstract datastore tiers for storage service levels</a>	https://abiquo.atlassian.net/wiki/spaces/doc/pages/327581849/Manage+enterprise+policies
doc_20221007/Manage enterprise policies-327581849	<a href="#">Events table#Workload</a>	https://abiquo.atlassian.net/wiki/spaces/doc/pages/327581849/Manage+enterprise+policies
doc_20221007/Manage enterprise policies-327581849	<a href="#">Manage the datacenter catalogue</a>	https://abiquo.atlassian.net/wiki/spaces/doc/pages/327581849/Manage+enterprise+policies
doc_20221007/Manage enterprise policies-327581849	<a href="#">Set a virtual datacenter role to limit user access</a>	https://abiquo.atlassian.net/wiki/spaces/doc/pages/327581849/Manage+enterprise+policies
doc_20221007/Manage enterprise policies-327581849	<a href="#">Allow a tenant to access datacenters and cloud providers</a>	https://abiquo.atlassian.net/wiki/spaces/doc/pages/327581849/Manage+enterprise+policies
doc_20221007/Manage enterprises-311370845	<a href="#">Infrastructure view</a>	https://abiquo.atlassian.net/wiki/spaces/doc/pages/311370845/Manage+enterprises
doc_20221007/Manage enterprises-311370845	<a href="#">Configuration view</a>	https://abiquo.atlassian.net/wiki/spaces/doc/pages/311370845/Manage+enterprises
doc_20221007/Manage enterprises-311370845	<a href="#">Configure two factor authentication</a>	https://abiquo.atlassian.net/wiki/spaces/doc/pages/311370845/Manage+enterprises
doc_20221007/Manage enterprises-311370845	<a href="#">Pricing view</a>	https://abiquo.atlassian.net/wiki/spaces/doc/pages/311370845/Manage+enterprises
doc_20221007/Manage enterprises-311370845	<a href="#">Abiquo branding guide</a>	https://abiquo.atlassian.net/wiki/spaces/doc/pages/311370845/Manage+enterprises
doc_20221007/Manage enterprises-311370845	<a href="#">roles</a>	https://abiquo.atlassian.net/wiki/spaces/doc/pages/311370845/Manage+enterprises
doc_20221007/Manage enterprises-311370845	<a href="#">Manage scopes</a>	https://abiquo.atlassian.net/wiki/spaces/doc/pages/311370845/Manage+enterprises
doc_20221007/Manage enterprises-311370845	<a href="#">Abiquo cloud reseller guide</a>	https://abiquo.atlassian.net/wiki/spaces/doc/pages/311370845/Manage+enterprises
doc_20221007/Manage enterprises-311370845	<a href="#">Configure two factor authentication</a>	https://abiquo.atlassian.net/wiki/spaces/doc/pages/311370845/Manage+enterprises
doc_20221007/Manage enterprises-311370845	<a href="#">Abiquo workflow feature</a>	https://abiquo.atlassian.net/wiki/spaces/doc/pages/311370845/Manage+enterprises
doc_20221007/Manage enterprises-311370845	<a href="#">Configure reseller mail accounts</a>	https://abiquo.atlassian.net/wiki/spaces/doc/pages/311370845/Manage+enterprises
doc_20221007/Manage enterprises-311370845	<a href="#">Configuration view</a>	https://abiquo.atlassian.net/wiki/spaces/doc/pages/311370845/Manage+enterprises
doc_20221007/Manage enterprises-311370845	<a href="#">Abiquo branding guide</a>	https://abiquo.atlassian.net/wiki/spaces/doc/pages/311370845/Manage+enterprises
doc_20221007/Manage enterprises-311370845	<a href="#">Manage the datacenter catalogue#HowmuchspacecanatenantuseintheAppsLibrary</a>	https://abiquo.atlassian.net/wiki/spaces/doc/pages/311370845/Manage+enterprises
doc_20221007/Manage enterprises-311370845	<a href="#">Pricing view</a>	https://abiquo.atlassian.net/wiki/spaces/doc/pages/311370845/Manage+enterprises
doc_20221007/Manage enterprises-311370845	<a href="#">Manage enterprises#Create an Enterprise</a>	https://abiquo.atlassian.net/wiki/spaces/doc/pages/311370845/Manage+enterprises
doc_20221007/Manage enterprises-311370845	<a href="#">How to create a tenant via API</a>	https://abiquo.atlassian.net/wiki/spaces/doc/pages/311370845/Manage+enterprises
doc_20221007/Manage external networks-311371160	<a href="#">VMware vCloud Director integration</a>	https://abiquo.atlassian.net/wiki/spaces/doc/pages/311371160/Manage+external+networks
doc_20221007/Manage external networks-311371160	<a href="#">Networking guide</a>	https://abiquo.atlassian.net/wiki/spaces/doc/pages/311371160/Manage+external+networks
doc_20221007/Manage firewalls-311370552	<a href="#">Manage classic firewalls</a>	https://abiquo.atlassian.net/wiki/spaces/doc/pages/311370552/Manage+firewalls
doc_20221007/Manage firewalls-311370552	<a href="#">Edit resource tags</a>	https://abiquo.atlassian.net/wiki/spaces/doc/pages/311370552/Manage+firewalls
doc_20221007/Manage global networks and subnets-311378347	<a href="#"><strong>Privileges</strong></a>	https://abiquo.atlassian.net/wiki/spaces/doc/pages/311378347/Manage+global+networks+and+subnets
doc_20221007/Manage load balancers-311370564	<a href="#">Manage application load balancers</a>	https://abiquo.atlassian.net/wiki/spaces/doc/pages/311370564/Manage+load+balancers
doc_20221007/Manage load balancers-311370564	<a href="#">Abiquo and Google Cloud Platform load balancers</a>	https://abiquo.atlassian.net/wiki/spaces/doc/pages/311370564/Manage+load+balancers
doc_20221007/Manage load balancers-311370564	<a href="#">Abiquo and Oracle Cloud Infrastructure load balancers</a>	https://abiquo.atlassian.net/wiki/spaces/doc/pages/311370564/Manage+load+balancers
doc_20221007/Manage networks-311370535	<a href="#"><strong>Privileges</strong></a>	https://abiquo.atlassian.net/wiki/spaces/doc/pages/311370535/Manage+networks
doc_20221007/Manage networks-311370535	<a href="#"><strong>Privileges</strong></a>	https://abiquo.atlassian.net/wiki/spaces/doc/pages/311370535/Manage+networks
doc_20221007/Manage networks-311370535	<a href="#"><strong>Privileges</strong></a>	https://abiquo.atlassian.net/wiki/spaces/doc/pages/311370535/Manage+networks
doc_20221007/Manage networks-311370535	<a href="#"><strong>Privileges</strong></a>	https://abiquo.atlassian.net/wiki/spaces/doc/pages/311370535/Manage+networks
doc_20221007/Manage networks-311370535	<a href="#"><strong>Privileges</strong></a>	https://abiquo.atlassian.net/wiki/spaces/doc/pages/311370535/Manage+networks
doc_20221007/Manage networks-311370535	<a href="#">Privileges</a>	https://abiquo.atlassian.net/wiki/spaces/doc/pages/311370535/Manage+networks
doc_20221007/Manage networks-311370535	<a href="#">Limit bandwidth of Public IPs with QoS</a>	https://abiquo.atlassian.net/wiki/spaces/doc/pages/311370535/Manage+networks
doc_20221007/Manage public cloud regions-330236464	<a href="#">VMware vCloud Director integration</a>	https://abiquo.atlassian.net/wiki/spaces/doc/pages/330236464/Manage+public+cloud+regions
doc_20221007/Manage public cloud regions-330236464	<a href="#">Obtain public cloud credentials</a>	https://abiquo.atlassian.net/wiki/spaces/doc/pages/330236464/Manage+public+cloud+regions
doc_20221007/Manage public cloud regions-330236464	<a href="#">Manage virtual datacenters</a>	https://abiquo.atlassian.net/wiki/spaces/doc/pages/330236464/Manage+public+cloud+regions
doc_20221007/Manage public networks-311371144	<a href="#">Network Service Type</a>	https://abiquo.atlassian.net/wiki/spaces/doc/pages/311371144/Manage+public+networks
doc_20221007/Manage public networks-311371144	<a href="#"><strong>Privileges</strong></a>	https://abiquo.atlassian.net/wiki/spaces/doc/pages/311371144/Manage+public+networks
doc_20221007/Manage resource groups-311371512	<a href="#">Privileges</a>	https://abiquo.atlassian.net/wiki/spaces/doc/pages/311371512/Manage+resource+groups
doc_20221007/Manage scaling groups-311370901	<a href="#">Create instances to save VM disks to templates</a>	https://abiquo.atlassian.net/wiki/spaces/doc/pages/311370901/Manage+scaling+groups
doc_20221007/Manage scaling groups-311370901	<a href="#">What do virtual appliance specs save and create</a>	https://abiquo.atlassian.net/wiki/spaces/doc/pages/311370901/Manage+scaling+groups
doc_20221007/Manage scaling groups-311370901	<a href="#">Define a scaling group</a>	https://abiquo.atlassian.net/wiki/spaces/doc/pages/311370901/Manage+scaling+groups
doc_20221007/Manage scaling groups-311370901	<a href="#">Create an action plan to automate VM actions</a>	https://abiquo.atlassian.net/wiki/spaces/doc/pages/311370901/Manage+scaling+groups
doc_20221007/Manage scaling groups-311370901	<a href="#">Create a trigger for an action plan</a>	https://abiquo.atlassian.net/wiki/spaces/doc/pages/311370901/Manage+scaling+groups
doc_20221007/Manage scopes-311370717	<a href="#">Manage users#CreateorEditaUser</a>	https://abiquo.atlassian.net/wiki/spaces/doc/pages/311370717/Manage+scopes
doc_20221007/Manage scopes-311370717	<a href="#">Manage resource scopes</a>	https://abiquo.atlassian.net/wiki/spaces/doc/pages/311370717/Manage+scopes
doc_20221007/Manage storage in public cloud-311362829	<a href="#">VM storage</a>	https://abiquo.atlassian.net/wiki/spaces/doc/pages/311362829/Manage+storage+in+public+cloud
doc_20221007/Manage tag search and filter-311364082	<a href="#">Tag search filter examples</a>	https://abiquo.atlassian.net/wiki/spaces/doc/pages/311364082/Manage+tag+search+and+filter
doc_20221007/Manage user access to the platform-326598657	<a href="#">Manage Roles</a>	https://abiquo.atlassian.net/wiki/spaces/doc/pages/326598657/Manage+user+access+to+the+platform
doc_20221007/Manage user access to the platform-326598657	<a href="#"><strong>Privileges</strong></a>	https://abiquo.atlassian.net/wiki/spaces/doc/pages/326598657/Manage+user+access+to+the+platform
doc_20221007/Manage virtual appliance specs-311370823	<a href="#">Create instances to save VM disks to templates</a>	https://abiquo.atlassian.net/wiki/spaces/doc/pages/311370823/Manage+virtual+appliance+specs
doc_20221007/Manage virtual datacenters-311370496	<a href="#">Manage networks</a>	https://abiquo.atlassian.net/wiki/spaces/doc/pages/311370496/Manage+virtual+datacenters
doc_20221007/Manage virtual datacenters-311370496	<a href="#">Manage networks</a>	https://abiquo.atlassian.net/wiki/spaces/doc/pages/311370496/Manage+virtual+datacenters
doc_20221007/Manage virtual datacenters-311370496	<a href="#">Edit resource tags</a>	https://abiquo.atlassian.net/wiki/spaces/doc/pages/311370496/Manage+virtual+datacenters
doc_20221007/Manage virtual machines-311370469	<a href="#">Manage scaling groups</a>	https://abiquo.atlassian.net/wiki/spaces/doc/pages/311370469/Manage+virtual+machines
doc_20221007/Manage virtual machines-311370469	<a href="#">Manage virtual appliances</a>	https://abiquo.atlassian.net/wiki/spaces/doc/pages/311370469/Manage+virtual+machines
doc_20221007/Metrics-311377930	<a href="#">Events view</a>	https://abiquo.atlassian.net/wiki/spaces/doc/pages/311377930/Metrics
doc_20221007/Modify VM template disks-311378488	<a href="#">Disk Format Information.</a>	https://abiquo.atlassian.net/wiki/spaces/doc/pages/311378488/Modify+VM+template+disks
doc_20221007/Modify VM template disks-311378488	<a href="#">Determine the size of a VM Disk File.</a>	https://abiquo.atlassian.net/wiki/spaces/doc/pages/311378488/Modify+VM+template+disks
doc_20221007/Modify VM template disks-311378488	<a href="#">Template disk controllers for SCSI</a>	https://abiquo.atlassian.net/wiki/spaces/doc/pages/311378488/Modify+VM+template+disks
doc_20221007/Modify VM template disks-311378488	<a href="#">Disk Format Information.</a>	https://abiquo.atlassian.net/wiki/spaces/doc/pages/311378488/Modify+VM+template+disks
doc_20221007/Modify VM template disks-311378488	<a href="#">Determining the size of a VM Disk File.</a>	https://abiquo.atlassian.net/wiki/spaces/doc/pages/311378488/Modify+VM+template+disks
doc_20221007/Modify VM template disks-311378488	<a href="#">Template disk controllers for SCSI</a>	https://abiquo.atlassian.net/wiki/spaces/doc/pages/311378488/Modify+VM+template+disks
doc_20221007/Modify a VM template in public cloud-311364590	<a href="#">Modify a VM template</a>	https://abiquo.atlassian.net/wiki/spaces/doc/pages/311364590/Modify+a+VM+template+in+public+cloud
doc_20221007/Modify a VM template in public cloud-311364590	<a href="#">Configure default template icons by operating system type</a>	https://abiquo.atlassian.net/wiki/spaces/doc/pages/311364590/Modify+a+VM+template+in+public+cloud
doc_20221007/Modify a VM template in public cloud-311364590	<a href="#">Guest operating system definition for VMware</a>	https://abiquo.atlassian.net/wiki/spaces/doc/pages/311364590/Modify+a+VM+template+in+public+cloud
doc_20221007/Modify a VM template in public cloud-311364590	<a href="#">Extended OVF support and template definition</a>	https://abiquo.atlassian.net/wiki/spaces/doc/pages/311364590/Modify+a+VM+template+in+public+cloud
doc_20221007/Modify a VM template v603-341770480	<a href="#">Configure default template icons by operating system type</a>	https://abiquo.atlassian.net/wiki/spaces/doc/pages/341770480/Modify+a+VM+template+v603
doc_20221007/Modify a VM template v603-341770480	<a href="#">Manage scopes</a>	https://abiquo.atlassian.net/wiki/spaces/doc/pages/341770480/Modify+a+VM+template+v603
doc_20221007/Modify a VM template v603-341770480	<a href="#">Manage resource scopes</a>	https://abiquo.atlassian.net/wiki/spaces/doc/pages/341770480/Modify+a+VM+template+v603
doc_20221007/Modify a VM template v603-341770480	<a href="#">Create a hardware profile</a>	https://abiquo.atlassian.net/wiki/spaces/doc/pages/341770480/Modify+a+VM+template+v603
doc_20221007/Modify a VM template v603-341770480	<a href="#">Extended OVF support and template definition</a>	https://abiquo.atlassian.net/wiki/spaces/doc/pages/341770480/Modify+a+VM+template+v603
doc_20221007/Modify a VM template v603-341770480	<a href="#">Multiple cost codes</a>	https://abiquo.atlassian.net/wiki/spaces/doc/pages/341770480/Modify+a+VM+template+v603
doc_20221007/Modify a VM template v603-341770480	<a href="#">Guest operating system definition for VMware</a>	https://abiquo.atlassian.net/wiki/spaces/doc/pages/341770480/Modify+a+VM+template+v603
doc_20221007/Modify a VM template v603-341770480	<a href="#">Extended OVF support and template definition</a>	https://abiquo.atlassian.net/wiki/spaces/doc/pages/341770480/Modify+a+VM+template+v603
doc_20221007/Modify a VM template v603-341770480	<a href="#">Guest operating system definition for VMware</a>	https://abiquo.atlassian.net/wiki/spaces/doc/pages/341770480/Modify+a+VM+template+v603
doc_20221007/Modify a VM template v603-341770480	<a href="#">Extended OVF support and template definition</a>	https://abiquo.atlassian.net/wiki/spaces/doc/pages/341770480/Modify+a+VM+template+v603
doc_20221007/Modify a VM template v603-341770480	<a href="#">Edit VM templates for guest setup</a>	https://abiquo.atlassian.net/wiki/spaces/doc/pages/341770480/Modify+a+VM+template+v603
doc_20221007/Modify a VM template v603-341770480	<a href="#">Edit resource tags</a>	https://abiquo.atlassian.net/wiki/spaces/doc/pages/341770480/Modify+a+VM+template+v603
doc_20221007/Modify a VM template-311371311	<a href="#">Configure default template icons by operating system type</a>	https://abiquo.atlassian.net/wiki/spaces/doc/pages/311371311/Modify+a+VM+template
doc_20221007/Modify a VM template-311371311	<a href="#">Manage scopes</a>	https://abiquo.atlassian.net/wiki/spaces/doc/pages/311371311/Modify+a+VM+template
doc_20221007/Modify a VM template-311371311	<a href="#">Manage resource scopes</a>	https://abiquo.atlassian.net/wiki/spaces/doc/pages/311371311/Modify+a+VM+template
doc_20221007/Modify a VM template-311371311	<a href="#">Create a hardware profile</a>	https://abiquo.atlassian.net/wiki/spaces/doc/pages/311371311/Modify+a+VM+template
doc_20221007/Modify a VM template-311371311	<a href="#">Extended OVF support and template definition</a>	https://abiquo.atlassian.net/wiki/spaces/doc/pages/311371311/Modify+a+VM+template
doc_20221007/Modify a VM template-311371311	<a href="#">Multiple cost codes</a>	https://abiquo.atlassian.net/wiki/spaces/doc/pages/311371311/Modify+a+VM+template
doc_20221007/Modify a VM template-311371311	<a href="#">Guest operating system definition for VMware</a>	https://abiquo.atlassian.net/wiki/spaces/doc/pages/311371311/Modify+a+VM+template
doc_20221007/Modify a VM template-311371311	<a href="#">Extended OVF support and template definition</a>	https://abiquo.atlassian.net/wiki/spaces/doc/pages/311371311/Modify+a+VM+template
doc_20221007/Modify a VM template-311371311	<a href="#">Guest operating system definition for VMware</a>	https://abiquo.atlassian.net/wiki/spaces/doc/pages/311371311/Modify+a+VM+template
doc_20221007/Modify a VM template-311371311	<a href="#">Extended OVF support and template definition</a>	https://abiquo.atlassian.net/wiki/spaces/doc/pages/311371311/Modify+a+VM+template
doc_20221007/Modify a VM template-311371311	<a href="#">Edit VM templates for guest setup</a>	https://abiquo.atlassian.net/wiki/spaces/doc/pages/311371311/Modify+a+VM+template
doc_20221007/Modify a VM template-311371311	<a href="#">Edit resource tags</a>	https://abiquo.atlassian.net/wiki/spaces/doc/pages/311371311/Modify+a+VM+template
doc_20221007/Network provisioning guide-331219330	<a href="#">Configure a location for an enterprise</a>	https://abiquo.atlassian.net/wiki/spaces/doc/pages/331219330/Network+provisioning+guide
doc_20221007/Network provisioning guide-331219330	<a href="#">Manage Networks</a>	https://abiquo.atlassian.net/wiki/spaces/doc/pages/331219330/Network+provisioning+guide
doc_20221007/Network provisioning guide-331219330	<a href="#">Manage networks</a>	https://abiquo.atlassian.net/wiki/spaces/doc/pages/331219330/Network+provisioning+guide
doc_20221007/Networks-311371131	<a href="#">Networking guide</a>	https://abiquo.atlassian.net/wiki/spaces/doc/pages/311371131/Networks
doc_20221007/Networks-311371131	<a href="#">Network</a>	https://abiquo.atlassian.net/wiki/spaces/doc/pages/311371131/Networks
doc_20221007/Networks-311371131	<a href="#">Manage devices</a>	https://abiquo.atlassian.net/wiki/spaces/doc/pages/311371131/Networks
doc_20221007/Networks-311371131	<a href="#">Manage network service types</a>	https://abiquo.atlassian.net/wiki/spaces/doc/pages/311371131/Networks
doc_20221007/Networks-311371131	<a href="#">Manage excluded networks</a>	https://abiquo.atlassian.net/wiki/spaces/doc/pages/311371131/Networks
doc_20221007/Networks-311371131	<a href="#">Manage networks</a>	https://abiquo.atlassian.net/wiki/spaces/doc/pages/311371131/Networks
doc_20221007/Networks-311371131	<a href="#">Manage external networks</a>	https://abiquo.atlassian.net/wiki/spaces/doc/pages/311371131/Networks
doc_20221007/Networks-311371131	<a href="#">Create unmanaged networks</a>	https://abiquo.atlassian.net/wiki/spaces/doc/pages/311371131/Networks
doc_20221007/Networks-311371131	<a href="#">Manage public networks</a>	https://abiquo.atlassian.net/wiki/spaces/doc/pages/311371131/Networks
doc_20221007/Networks-311371131	<a href="#">Manage virtual datacenters#Createavirtualdatacenterwithcustomnetworks</a>	https://abiquo.atlassian.net/wiki/spaces/doc/pages/311371131/Networks
doc_20221007/Networks-311371131	<a href="#">Configure Azure VPNs</a>	https://abiquo.atlassian.net/wiki/spaces/doc/pages/311371131/Networks
doc_20221007/Networks-311371131	<a href="#">Manage VPNs</a>	https://abiquo.atlassian.net/wiki/spaces/doc/pages/311371131/Networks
doc_20221007/OVF reference-311375191	<a href="#">ovf:key=&quot;user</a>	https://abiquo.atlassian.net/wiki/spaces/doc/pages/311375191/OVF+reference
doc_20221007/OVF reference-311375191	<a href="#">ovf:key=&quot;password</a>	https://abiquo.atlassian.net/wiki/spaces/doc/pages/311375191/OVF+reference
doc_20221007/Onboard from public cloud-311378598	<a href="#"><strong>Privileges</strong></a>	https://abiquo.atlassian.net/wiki/spaces/doc/pages/311378598/Onboard+from+public+cloud
doc_20221007/Onboard from public cloud-311378598	<a href="#">Set a virtual datacenter role to limit user access</a>	https://abiquo.atlassian.net/wiki/spaces/doc/pages/311378598/Onboard+from+public+cloud
doc_20221007/Onboard from public cloud-311378598	<a href="#">Manage enterprises#Entertenantdetailsandmetadata</a>	https://abiquo.atlassian.net/wiki/spaces/doc/pages/311378598/Onboard+from+public+cloud
doc_20221007/Prepare for guest setup with cloudinit or similar-319324436	<a href="#">Configuration drive</a>	https://abiquo.atlassian.net/wiki/spaces/doc/pages/319324436/Prepare+for+guest+setup+with+cloud-init+or+similar
doc_20221007/Prepare for guest setup with cloudinit or similar-319324436	<a href="#">Customize emails for guest password</a>	https://abiquo.atlassian.net/wiki/spaces/doc/pages/319324436/Prepare+for+guest+setup+with+cloud-init+or+similar
doc_20221007/Prepare for guest setup with cloudinit or similar-319324436	<a href="#">Customize emails for guest password SMS</a>	https://abiquo.atlassian.net/wiki/spaces/doc/pages/319324436/Prepare+for+guest+setup+with+cloud-init+or+similar
doc_20221007/Prepare for guest setup with cloudinit or similar-319324436	<a href="#">Edit VM templates for guest setup</a>	https://abiquo.atlassian.net/wiki/spaces/doc/pages/319324436/Prepare+for+guest+setup+with+cloud-init+or+similar
doc_20221007/Prepare for guest setup with cloudinit or similar-319324436	<a href="#">Display VM initial password</a>	https://abiquo.atlassian.net/wiki/spaces/doc/pages/319324436/Prepare+for+guest+setup+with+cloud-init+or+similar
doc_20221007/Prepare for guest setup with hypervisor tools v603-341705111	<a href="#">Abiquo default Windows unattend file</a>	https://abiquo.atlassian.net/wiki/spaces/doc/pages/341705111/Prepare+for+guest+setup+with+hypervisor+tools+v603
doc_20221007/Prepare for guest setup with hypervisor tools-318473266	<a href="#">Abiquo default Windows unattend file</a>	https://abiquo.atlassian.net/wiki/spaces/doc/pages/318473266/Prepare+for+guest+setup+with+hypervisor+tools
doc_20221007/Pricing for resellers v603-341704983	<a href="#">Synchronize public cloud price lists</a>	https://abiquo.atlassian.net/wiki/spaces/doc/pages/341704983/Pricing+for+resellers+v603
doc_20221007/Pricing for resellers-311370938	<a href="#">Synchronize public cloud price lists</a>	https://abiquo.atlassian.net/wiki/spaces/doc/pages/311370938/Pricing+for+resellers
doc_20221007/Pricing view v603-341770266	<a href="#">Modify a VM template</a>	https://abiquo.atlassian.net/wiki/spaces/doc/pages/341770266/Pricing+view+v603
doc_20221007/Pricing view-311370925	<a href="#">Modify a VM template</a>	https://abiquo.atlassian.net/wiki/spaces/doc/pages/311370925/Pricing+view
doc_20221007/Pricing-311373176	<a href="#">Tenants and users</a>	https://abiquo.atlassian.net/wiki/spaces/doc/pages/311373176/Pricing
doc_20221007/Pricing-311373176	<a href="#">Events</a>	https://abiquo.atlassian.net/wiki/spaces/doc/pages/311373176/Pricing
doc_20221007/Restrict VMs for provider services-311376658	<a href="#"><strong>Privileges</strong></a>	https://abiquo.atlassian.net/wiki/spaces/doc/pages/311376658/Restrict+VMs+for+provider+services
doc_20221007/Starting Abiquo for the first time-311370224	<a href="#">Abiquo infrastructure guide#User Interface</a>	https://abiquo.atlassian.net/wiki/spaces/doc/pages/311370224/Starting+Abiquo+for+the+first+time
doc_20221007/Starting Abiquo for the first time-311370224	<a href="#">Events view</a>	https://abiquo.atlassian.net/wiki/spaces/doc/pages/311370224/Starting+Abiquo+for+the+first+time
doc_20221007/Starting Abiquo for the first time-311370224	<a href="#">Configuration view</a>	https://abiquo.atlassian.net/wiki/spaces/doc/pages/311370224/Starting+Abiquo+for+the+first+time
doc_20221007/Starting Abiquo for the first time-311370224	<a href="#">Configure Abiquo UI</a>	https://abiquo.atlassian.net/wiki/spaces/doc/pages/311370224/Starting+Abiquo+for+the+first+time
doc_20221007/Starting Abiquo for the first time-311370224	<a href="#">Configuration View#Wiki Links Tab</a>	https://abiquo.atlassian.net/wiki/spaces/doc/pages/311370224/Starting+Abiquo+for+the+first+time
doc_20221007/Starting Abiquo for the first time-311370224	<a href="#">Configuration View#Dashboard</a>	https://abiquo.atlassian.net/wiki/spaces/doc/pages/311370224/Starting+Abiquo+for+the+first+time
doc_20221007/Starting Abiquo for the first time-311370224	<a href="#">Abiquo UI client language configuration#CustomizeAboutandSupportMessages</a>	https://abiquo.atlassian.net/wiki/spaces/doc/pages/311370224/Starting+Abiquo+for+the+first+time
doc_20221007/Tenant provisioning guide-330334209	<a href="#">Manage enterprises</a>	https://abiquo.atlassian.net/wiki/spaces/doc/pages/330334209/Tenant+provisioning+guide
doc_20221007/Tenant provisioning guide-330334209	<a href="#">Configure an enterprise in a cloud location</a>	https://abiquo.atlassian.net/wiki/spaces/doc/pages/330334209/Tenant+provisioning+guide
doc_20221007/Tenant provisioning guide-330334209	<a href="#">Add credentials for public cloud</a>	https://abiquo.atlassian.net/wiki/spaces/doc/pages/330334209/Tenant+provisioning+guide
doc_20221007/Use the Microsoft products service-311364080	<a href="#"><strong>Privileges</strong></a>	https://abiquo.atlassian.net/wiki/spaces/doc/pages/311364080/Use+the+Microsoft+products+service
doc_20221007/Use the Microsoft products service-311364080	<a href="#"><strong>Privileges</strong></a>	https://abiquo.atlassian.net/wiki/spaces/doc/pages/311364080/Use+the+Microsoft+products+service
doc_20221007/Use the Microsoft products service-311364080	<a href="#"><strong>Privileges</strong></a>	https://abiquo.atlassian.net/wiki/spaces/doc/pages/311364080/Use+the+Microsoft+products+service
doc_20221007/Use the Microsoft products service-311364080	<a href="#"><strong>Privileges</strong></a>	https://abiquo.atlassian.net/wiki/spaces/doc/pages/311364080/Use+the+Microsoft+products+service
doc_20221007/VM network-311370367	<a href="#">Display secondary IP addresses in OCI</a>	https://abiquo.atlassian.net/wiki/spaces/doc/pages/311370367/VM+network
doc_20221007/VM storage-311370378	<a href="#">Configuration View#General tab</a>	https://abiquo.atlassian.net/wiki/spaces/doc/pages/311370378/VM+storage
doc_20221007/VM storage-311370378	<a href="#">Manage VMs#SaveVMdiskstocreateaninstancetemplate</a>	https://abiquo.atlassian.net/wiki/spaces/doc/pages/311370378/VM+storage
doc_20221007/VM storage-311370378	<a href="#">Manage persistent storage and VMs#Managepersistentvolumes</a>	https://abiquo.atlassian.net/wiki/spaces/doc/pages/311370378/VM+storage
doc_20221007/VMware-311375308	<a href="#">VMware vCloud Director integration</a>	https://abiquo.atlassian.net/wiki/spaces/doc/pages/311375308/VMware
doc_20221007/Virtual appliances and virtual machines-311376415	<a href="#">Hybrid cloud</a>	https://abiquo.atlassian.net/wiki/spaces/doc/pages/311376415/Virtual+appliances+and+virtual+machines
doc_20221007/Virtual appliances and virtual machines-311376415	<a href="#">Events</a>	https://abiquo.atlassian.net/wiki/spaces/doc/pages/311376415/Virtual+appliances+and+virtual+machines
doc_20221007/Virtual datacenters-311373215	<a href="#">Infrastructure</a>	https://abiquo.atlassian.net/wiki/spaces/doc/pages/311373215/Virtual+datacenters
doc_20221007/Virtual datacenters-311373215	<a href="#">Catalogue</a>	https://abiquo.atlassian.net/wiki/spaces/doc/pages/311373215/Virtual+datacenters
doc_20221007/myCloud view-311370244	<a href="#">Azure availability sets</a>	https://abiquo.atlassian.net/wiki/spaces/doc/pages/311370244/myCloud+view
